{
  "id": "4683552",
  "name": "博客",
  "font_family": "iconfont",
  "css_prefix_text": "icon-",
  "description": "",
  "glyphs": [
    {
      "icon_id": "1265760",
      "name": "音乐",
      "font_class": "yinle",
      "unicode": "e745",
      "unicode_decimal": 59205
    },
    {
      "icon_id": "1318925",
      "name": "图书馆",
      "font_class": "tushu",
      "unicode": "e67b",
      "unicode_decimal": 59003
    },
    {
      "icon_id": "2674929",
      "name": "箭头 下",
      "font_class": "jiantouxia",
      "unicode": "e62d",
      "unicode_decimal": 58925
    },
    {
      "icon_id": "3215244",
      "name": "音乐",
      "font_class": "yinle1",
      "unicode": "e63c",
      "unicode_decimal": 58940
    },
    {
      "icon_id": "3742550",
      "name": "音乐",
      "font_class": "yinle2",
      "unicode": "e659",
      "unicode_decimal": 58969
    },
    {
      "icon_id": "3825779",
      "name": "查找",
      "font_class": "chazhao",
      "unicode": "e62e",
      "unicode_decimal": 58926
    },
    {
      "icon_id": "9712776",
      "name": "搜索",
      "font_class": "sousuox",
      "unicode": "e60b",
      "unicode_decimal": 58891
    },
    {
      "icon_id": "13887259",
      "name": "查找",
      "font_class": "chazhao1",
      "unicode": "e6be",
      "unicode_decimal": 59070
    },
    {
      "icon_id": "16009167",
      "name": "无目录",
      "font_class": "wumulu",
      "unicode": "e621",
      "unicode_decimal": 58913
    },
    {
      "icon_id": "19751221",
      "name": "太极",
      "font_class": "taiji",
      "unicode": "e600",
      "unicode_decimal": 58880
    },
    {
      "icon_id": "29177635",
      "name": "标签",
      "font_class": "biaoqian",
      "unicode": "e601",
      "unicode_decimal": 58881
    },
    {
      "icon_id": "33445685",
      "name": "树",
      "font_class": "shu",
      "unicode": "e688",
      "unicode_decimal": 59016
    },
    {
      "icon_id": "39645034",
      "name": "主页房子家",
      "font_class": "a-homezhuyefangzijia",
      "unicode": "e6ae",
      "unicode_decimal": 59054
    }
  ]
}
